Model,Method,Accuracy,Precision,Recall,F1_Score,ROC_AUC,Precision_Malignant,Recall_Malignant,F1_Malignant,Precision_Benign,Recall_Benign,F1_Benign
Logistic Regression,RUS,0.956140350877193,0.9580981439105009,0.956140350877193,0.9564299597121932,0.994047619047619,0.9111111111111112,0.9761904761904762,0.942528735632184,0.9855072463768116,0.9444444444444444,0.9645390070921984
Decision Tree,RUS,0.956140350877193,0.9560729421281235,0.956140350877193,0.9560273762928302,0.9479166666666669,0.951219512195122,0.9285714285714286,0.9397590361445785,0.958904109589041,0.9722222222222222,0.9655172413793104
Random Forest,RUS,0.9385964912280702,0.9407576913297736,0.9385964912280702,0.9390019435970705,0.9933862433862434,0.8888888888888888,0.9523809523809524,0.9195402298850576,0.9710144927536232,0.9305555555555556,0.950354609929078
