Model,Method,Accuracy,Precision,Recall,F1_Score,ROC_AUC,Precision_Malignant,Recall_Malignant,F1_Malignant,Precision_Benign,Recall_Benign,F1_Benign
Logistic Regression,SMOTE,0.9649122807017544,0.9658578263841422,0.9649122807017544,0.9650731808230041,0.9953703703703703,0.9318181818181818,0.9761904761904762,0.9534883720930233,0.9857142857142858,0.9583333333333334,0.971830985915493
Decision Tree,SMOTE,0.9385964912280702,0.9390418397779577,0.9385964912280702,0.9387429907553746,0.9360119047619048,0.9069767441860465,0.9285714285714286,0.9176470588235294,0.9577464788732394,0.9444444444444444,0.951048951048951
Random Forest,SMOTE,0.9473684210526315,0.9506663077130165,0.9473684210526315,0.9478127136021872,0.9950396825396826,0.8913043478260869,0.9761904761904762,0.9318181818181818,0.9852941176470589,0.9305555555555556,0.9571428571428572
